VLEHVPLLLYILAAK,229.496
TQTPPLGQTPQLGLK,138.531
ESTEFLQQNPVTEYMK,182.553
AAHLCAEAALR,74.1004
LEESYDMESVLR,158.14
SDQVITAINGIK,135.928
DFAAEVVHPGDLK,136.86
QAFPNTNR,60.3439
VTSEELHYFVQNHFTSAR,145.758
YDAIFDSLSPVNGFLSGDK,234.706
YNILGTNTIMDK,155.253
EELEEVIK,113.131
DAGYGGISLAVEGPSK,157.744
ALLIFLEK,183.232
LHTDDELNWLDHGR,130.296
VECYDYDNDGSHDLIGTFQTTMTK,176.958
SNAHYNLQNAFNLAEQHLGLTK,184.237
DLPDEVR,71.3553
GEGILITSHGELQYYLSLLNQQLPIESQMVSK,255.63
EEIQETQTPTHSR,52.2146
TSSGLGGSTTDFLEEWK,192.834
IEISTIASNYHLEVNPSDAGNSDR,168.85
FEDQPEGIDLEVVTESTGK,182.354
DSQDAGGFGPEDR,91.0664
YTCHVQHEGLPEPLTLR,118.681
VASSTLLDDR,94.005
GTGGVDTAAVGGVFDVSNADR,163.202
LFGEVTRPTNSK,81.0833
NLTQYSWLLDGFPR,228.133
TVAAVMACR,80.4627
LHHQNQQQIQQQQQQLQR,55.088
SGPFGQLFRPDNFIFGQTGAGNNWAK,219.95
LPQPVQPDPVSHCK,86.6397
SADEGQTVFYTCTNCK,114.912
ENALVQMADGNQAQLAMSHLNGHK,154.107
QHGIPIPVTPK,96.8952
GAAAHPDSEEQQQR,30.8231
AVDEAVILLQEIGVLDQR,256.684
SIATTLIDDTSSEVLDELYR,256.649
GTEAGQVGEPGIPTGEAGPSCSSASDK,116.0
LSFLVSYIASK,185.775
EFESVLVDAFSHVAR,206.342
DGEEAGAYDGPR,80.3523
SELALSALGGCVFYLK,215.844
FDVPGDENAEMDAR,132.149
LVFCLLELLSR,254.556
TPIIIIPAATTSLITMLNAK,256.111
ALAEEVEQVHR,88.5412
SSVSHSVLSEMQVIEQETPVSAK,180.471
AEDNADTLALVFEAPNQEK,191.988
QFGNILILSGDVNLAESDLAYTR,237.442
SLYALFSQFGHVVDIVALK,255.969
AIACVVTACSAELEK,133.239
NCLNPQFSK,84.6788
LVTGTVLAVFGSVR,200.373
IFVGGIPHNCGETELR,123.978
EFINLQSALESER,180.538
KPLFHGDSEIDQLFR,151.737
EAQNLSAMEIR,115.053
TNFVQPMPGEGLRPSLPTQAHTTQPTPFK,151.514
DEPDWESLIFLAR,256.802
HELLPSVNDITAVGPAHFYATNDHYFSDPFLK,208.091
MLLYTEVTR,136.512
DVDGLTSINAGR,124.353
TQTGDSSSISSFSYR,117.936
TEQQESDSVQCMPVAK,93.2666
ENLLVEDSLMIECSAR,198.466
LSDLDYMQFIR,200.158
MEGGGAEVHAQLPSLEGDLR,146.202
SILTQPHLYSPVLISQLVQMASQLR,256.262
LHFFMPGFAPLTSR,192.848
GQVQEVGWHDVAGWLGR,183.12
IDPLAPLDK,153.101
ILDIYHQEACGGCIISVGGQIPNNLAVPLYK,211.833
DEETGLCLLPLK,192.095
ASESISLK,70.6932
FTNSLTTVGSNK,93.1894
EVESMGAHLNAYSTR,100.877
MSFGEIEEDAYQEDLGFSLGHLGK,223.839
GSSVIHCDADSK,41.4844
TDGTVEIYNLSANYFQEK,198.861
VGINYQPPTVVPGGDLAK,160.959
GLLALGDYMNVQCHACIGGTNVGEDIR,192.992
NYQFFIGENMNPDGMVALLDYR,254.795
VPQIEVETHK,76.2697
MIPCDFLIPVQTQHPIR,179.137
ALESALK,66.5705
DQDNMQAELNR,95.285
VGEFCHNR,42.7902
VPVLGSLLNLPGIR,224.085
EEDFYYTEVQLK,121.694
FLDGNELTLADCNLLPK,207.914
CEAFGWHAIIVDGHSVEELCK,167.54
FDLNSPWEAFPVYR,227.704
RPVIVHR,33.0225
QYQLLFTQGSGENK,143.411
QMSSFVQNGSTFVK,135.442
QATVGDINTERPGMLDFTGK,151.122
AGTLTVEELGATLTSLLAQAQAQAR,258.736
YEPDSANPDALQCPIVLCGWR,201.926
EDGSFAGDIWGEIDTR,209.781
GVVTLLSDYEVCK,174.37
LQAFGFCEYK,150.675
GLTVVVAFR,150.97
NNQQVPENTEELGQTKPTSNPQVVNEGGAKPELASQATEGSK,117.632
LLQEIVDQCMNR,154.565
GSYGDLGGPIITTQVTIPK,181.199
APGIILLDEATSALDTSNER,217.592
ALSEYLAVFAR,198.599
IGGALSVALPALLLR,228.026
GGAGGTDGQGGTFR,54.9081
GPESESEDHR,26.1397
EQLLALSACAPFNVR,190.986
ILVELATFLEK,216.322
EVEIQSHLR,73.6821
GLIVYQLENQPSEFR,177.019
SLDVNQDSELK,95.5071
LIIVEGCQR,100.883
TSVQFQNFSPTVVHPGDLQTQLAVQTK,178.631
APFDLFENK,166.722
EFSLAGGIWHGR,150.939
LDVLVNNAYAGVQTILNTR,223.553
TYNTDVPLVLMNSFNTDEDTK,217.001
IAPPETPDSK,73.2585
EGQEIASVSDDHTCR,70.7923
EQAELTGLR,91.5207
GAAAAAAASGAAGGGGGGAGAGAPGGGR,72.8095
HIVLSGGSTMYPGLPSR,134.936
NSVCHTATVIANSFMHCGTTSDQFLR,180.857
KPPVKPPTEPIGFDLEIEK,141.604
LLEAAAQSTK,66.4258
ELGLDEGVDSLK,146.653
LPELLLK,146.653
ATFYLNVLEQK,174.355
IVITGDGDIDHDQALAQAIR,154.468
TETAPLVVVVSTTGTGDPPDTAR,166.024
FSEDAFNSTFISTIGIDFK,242.192
LSQVEGEHQLWK,101.447
AGTGVDNVDLEAATR,119.501
QVWGLNFGSK,161.083
TTPNSGDVQVTEDAVR,103.527
IGALEGYR,94.9909
HASPILPITEFSDIPR,176.523
TYDAASYICEAAFDEVK,199.398
TCNCETEDYGEK,56.3029
LASAFTEEQAVLYNQR,157.831
ADHQPLTEASYVNLPTIALCNTDSPLR,197.695
FNFLNPNDPYHAYYR,167.005
LESPSFTGTGDTEIAHATEDLENNGSK,162.776
LGSAADFLLDISETDLSSLTASIK,259.271
GAMAVIDGNVMAINPSEETK,173.085
GWEVVESDLYAMNFNPIISR,248.312
ESVQQEPER,44.8462
THTMTGSPGEGGLLPR,99.1317
DAGEGGLSLAIEGPSK,154.779
EQNLSSQVECLELEK,151.761
QYYIGDIHPSDLKPESGSK,124.11
LDYDEDASAMLK,146.753
FSSVQLLGDLLFHISGVTGK,256.585
LTAQVASLTSELTTLNATIQQQDQELAGLK,254.765
LSSCDSFTSTINELNHCLSLR,200.975
DNLTLWTSDMQGDGEEQNK,178.406
CGLQFLGNIASR,168.266
HLVYESDK,47.3993
ITAFVVER,114.879
DADPILISLR,176.368
EMIFEDTNLK,145.382
IISIFSGTEK,141.391
DFTSLENTVEER,161.722
AIGNTELENK,68.1144
GSIHDFPGFDPNQDAEALYTAMK,208.456
EIGWTDVGGWTGQGGSILGTK,209.003
AEAGDNLGALVR,123.125
TVTQVVPAEGQENGQR,85.598
SFEQISANITK,125.838
APAMFNIR,125.237
VEETFQCICCQELVFRPITTVCQHNVCK,173.391
SVTLGYLFSQGHLTR,166.813
STEEAFEVFWR,197.718
AAANEQLTR,47.651
LHLPIGDSASNLLFK,180.895
ELYLFDVLR,221.15
VSGSQVEVNDIK,85.8932
DAIITCNPEEFIVEALQLPNFQQSVQEYR,259.38
QLSQATAAATNHTTDNGVGPEEESVDPNQYYK,130.456
ALDMSYDHKPEDEVELAR,122.969
ESTTTPGQYVLTGLQSGQPK,159.308
GVNAIVYMIDAADR,208.256
EAPCVLIYIPDGHTK,156.173
AEELGLPILGVLR,223.238
VDNEFDQR,69.0047
ESTVQGAYGSEDMK,86.4084
AQSDGIWGEHEIDYILLVR,217.105
QQPGPSEHIER,50.869
IPLNNGAGCR,62.9719
GIEILTDMSRPVELSDR,176.402
HIVENAVQK,42.6609
LQTQVELQAR,95.2726
HNSEKPPEPVKPEVK,49.3692
QFQLDSLEAALQK,193.015
SALASVIMGLSTILGK,258.102
SLLPGCQSVISR,130.675
LEAVSHTSDMHR,50.3986
EQIVVDLSHPGVSEDDQVSR,139.2
GVPLVYEAFNWR,209.351
ESEDKPEIEDVGSDEEEEK,95.6456
LHQEDQACATCLILACSTAACDR,145.926
AAFTAFEEAQLPR,164.604
NLQLLMDR,139.012
FCADSDGFSQELR,136.436
AAIAFLHALWQDR,189.811
FLNSGGFIGFATTIHQIVR,207.548
TDADSESDNSDNNTIFVQGLGEGVSTDQVGEFFK,235.09
GVQGIIVVNTEGIPIK,175.409
DQQPGTFLLR,147.712
ENIESLAHALVEIIK,231.077
ELSDIAHR,62.8851
LNDGNEYLFQAK,132.42
EIGPNDGFLAQLCQLNDR,208.904
TAAFVLAMLSR,198.897
EVIAVSCGPAQCQETIR,122.062
IEDVTPIPSDSTR,116.384
LNEGVVEFASYGDLK,174.041
EYQLNDSAAYYLNDLDR,194.762
DPSQIDNNEPYMK,112.912
SLDDDLDGVPLDATEDSK,168.896
LNDSILQATEQR,125.926
TPVIVTLK,112.146
TLTGTVIDSGDGVTHVIPVAEGYVIGSCIK,206.504
YDAFLASESLIK,178.872
AGAGDFMR,86.5889
AALWALQGGTSVVIANGTHPK,160.03
FIMILTEHLVR,168.048
LVEYDIDEVVYDEDSPYQNIK,199.753
GSLLFTAGPLEEER,175.231
QDMPNAMPVSELTDK,148.477
LPGISETAMIFAGVDVTK,221.11
ELPDCYVFQNTIIFDNK,189.25
GDFDENLNYPEQK,127.342
LILIESR,117.104
LVDELMEAPGDVEALAPPVR,208.04
FPDENFTLK,145.484
LELASLQCLNETLTSCTK,199.014
TQGNVFATDAILATLMSCTR,245.445
DPNTYFIVGTAMVYPEEAEPK,219.435
AASLEYDYETIR,137.881
NDLGVGYLLIGDNDNAK,190.935
GTSYQSPHGIPIDLLDR,158.431
ASGDSARPVLLQVAESAYR,163.843
GIAYVEFVDVSSVPLAIGLTGQR,248.39
FHDPDSAVVAQHLTNTVFVDR,153.511
VTYVVLDEADR,131.798
WQDIQNDPR,88.0158
VITVDGNICTGK,105.575
QSLQVIESAMER,148.641
TPYTDVNIVTIR,151.192
IQFNDLQSLLCATLQNVLR,259.529
QGEEVFQSLSK,121.346
DILQSCQTSEECELAR,136.436
IVDLNFLIGPK,201.984
VSALDLAVLDQVEAR,200.528
VDVNAPDVQAPDWHLK,150.119
ATEILNLLLK,205.607
QCLDLLR,121.325
VIVVGNPANTNCLTASK,125.588
FQVDPSGEIVELAK,177.394
AHAHSLVGK,25.6533
WEVLIIGPPDTLYEGGVFK,242.48
GTEVQVDDIK,88.5014
EAEDGIIAYDDCGVK,134.246
VMGIVENMSGFTCPHCTECTSVFSR,178.373
IWCFGPDGTGPNILTDITK,232.393
QFVVFEGNHYFYSPYPTK,177.296
LNQIMVGTGNGLAK,120.947
LNFSHGTHEYHAETIK,74.1004
IEELQLIVNDK,157.331
GAEILEVLHSLPAVR,195.225
HYFQNTQGLIFVVDSNDR,167.641
DNALLSAIEESR,184.919
FQQVPTDALANK,113.253
LALDGQNIYNACCTLR,158.661
GWQDVTATSAYK,125.782
SEEITTGSAWFSFLESHNK,198.248
GELFWDDGESLEVLER,219.728
FIYITPEELAAVANFIR,257.719
GIEGVQVIPLIPGAGEIIIADNIIK,256.959
FMFNIADGGFTELHSLWQNEER,233.42
VLEDDPEATYTTSGGK,107.398
WSQLLANSAAR,117.545
HAVSDPSILDSLDLNEDER,170.93
GPSYGLSAEVK,100.657
LTSADALRPSVVSITGPLIR,177.376
DGIDDESYGQIFKPIISK,187.615
NMMAACDPR,75.2169
DLEADEEDTR,79.0502
ACEFAGFQCQIQFGPHNEQK,154.231
LDDQIFLNR,146.612
DEDHIALIIELLGK,235.597
LEGTNVQEAQK,56.6218
NDLQLQVQAEAEGLADAEER,85.021
EVYEGEVTELTPCETENPMGGYGK,171.764
VDISEDGMK,89.6913
ADIEVACYGYEGIDAVK,169.619
QTFDLADAQTVLALSECAVTLK,253.32
FSGNLLVSLLGTWSDTSSGGPAR,257.037
VLGELWPLFGGR,227.415
LDGLVETPTGYIESLPR,194.781
EEFEHQQK,33.1234
NPPAFTELQLPR,167.266
VFVLDEADVMIATQGHQDQSIR,188.925
TLLDQHGQYPIWMNQR,161.365
LEQANDDAR,36.6429
TDEFQLHTNVNDGTEFGGSIYQK,156.745
VLLALFCHEPCRPLHQLATDSTFSLDQPGGTLDLTLIR,217.913
IPVMALVGNDAGWTQISR,205.551
ANNIDYTVHSVR,83.5089
TGTIVVEGHELHDEDIR,109.579
GQTPGGAQFVGLELYK,170.996
SMENYYQESGR,92.4848
IIGATDSCGDLMFLMK,206.143
SQGDMQDLNGNNQSVTR,87.7404
EPEVLSTMAIIVNK,193.796
NNFLPNADMETR,132.359
LPIFFFGTHETAFLGPK,207.829
AQSLAEQTSDTAGLESSTR,110.878
FANHVSGTLETALGK,120.843
AFAGDIANQLATDAVQILGGNGFNTEYPVEK,258.894
SCVLFNCAALASQIAAEQNLDNDEGLK,216.399
SSCTLPEGTNSSPQEIDPTK,116.0
SAEIDSDDTGGSAAQK,57.662
LVFLGEQSVGK,140.026
KPEPQVLAALLHALPLK,200.986
LPAPLPGLQDGEVEGHPVWALIYYCMR,239.422
VAVLLLAGGQGTR,143.642
TATAVAHCK,24.1222
TQLGAIYIDASCLTWEGQQFQGK,218.881
GGDINFVFTGFSVNGK,204.699
VHCLNTLFSR,110.906
FLEGELIHDLLTIFVSAK,259.355
SQSIVSSVFSEAWK,197.06
ELIQTSALNFLTPLR,222.456
NLSPGAVESDVR,105.762
EGALFAFEMLCTMLGK,258.487
LDYSDFQIVK,173.251
IEESDQGPYAIILAPTR,179.552
DNTINLIHTFR,145.382
TGGAYGEDLGADYNLSQVCDGK,159.522
SLTHTQAASLPYVALTAWSAINK,212.769
QLSPTEAFPVLVGDMDNSGSLNAQVIHQLGPGLR,228.252
NVFVEFYAPWCGHCK,183.702
LEQFVSILMASIPLPDK,257.55
SPFEVQVGPEAGMQK,141.74
ICEQFEAETPTDSETTQK,113.477
GDANSEVTVYYQSGTR,114.844
SVNFDMTSK,101.109
VSVLDYLSYAVYQQGDLDK,252.534
EEGGLDFLGR,156.671
LFIFETFCR,201.973
VENLLLSNQGTIK,136.367
HVTVIGGGLMGAGIAQVAAATGHTVVLVDQTEDILAK,241.647
ELVPESQAYMDLLAFER,228.238
LLTHNLLSSHVR,86.6971
DPNNLLNDWSQK,166.024
QITAQAWDGTTDYQVEETSR,149.29
AAIDWFDGK,161.301
SGALLACGIVNSGVR,142.117
LDPADPENPR,79.656
YEWDVAEAR,131.08
DSLVLNNITR,135.842
YFTQGNCVNLTEALSLYEEQLGR,235.815
GGPVQVLEDEELK,151.702
DTYLLYEGR,141.48
LQAILEDIQVTLFTR,239.914
NLLTAAADAIER,188.446
GTVVYGEPITASLGTDGSHYWSK,166.951
WDGVPFILR,198.264
ESEEGNPVR,43.09
GVHCVMSLGVPGPATLAK,142.551
IGDYVQQHGGVSLVEQLLQDPK,198.518
ADFCIIHYAGK,128.867
QLVAEQVTYQR,104.864
QSTSFLVLQEILESEEK,229.445
LDFCDGHSPAVTITFVCPSER,178.674
SPWNFLGDELYEQSDEEQDSVK,216.023
GLAFELVYSPAIK,194.511
SHTSEGAHLDITPNSGAAGNSAGPK,77.8694
VNNASLIGLGYTQTLRPGVK,151.159
YYDVMSDEEIER,141.009
LVTDCVAAMNPDAVLR,175.276
VTADVINAAEK,93.5924
LVEHFCAEFK,111.189
DYAFIHFDER,160.002
IGEHTPSALAIMENANVLAR,182.354
FCECDNFNCDR,99.4806
ETYLAILMDR,198.537
MDPAEEDTNVYTEK,105.898
NITVIFHPLLR,161.594
FVLAPSATPAEAFIQHDETR,172.23
SNFLNCYVSGFHPSDIEVDLLK,218.881
ANLLEIAPHLSAPLPIMLPVYK,233.792
YGALALQEIFDGIQPK,226.885
LVVENVDVLTQMR,176.431
ENAIEDEEEEEEEDDDEEEDDLEVK,157.59
LSEFGLIQEK,144.356
EDFEEAR,65.2205
LNENHSGELWK,81.0704
LESQQLIEK,84.2409
VIQDCEDENIQR,79.6388
HEIESLYTK,74.8567
TIAIIAEGIPEALTR,198.676
DEGGNQQDEAITWFNVIYPR,245.987
ELGSSVALYSR,119.913
LVPVLYHVYSFR,164.861
LVTMQIWDTAGQER,169.412
TELEDTLDSTAAQQELR,155.108
SLYYASFLEVLVR,244.615
FLIPVLNGLEK,207.474
ISLNTLTLNVK,162.956
NICQFLVEIGLAK,239.513
QLLHNFPPDQLTSSGAPFWSGPK,187.609
EQCCVSLAAGLPHFSSGIFR,190.792
KPCNSQPSELSSETSGIARPEEGRPVVSGTGNDITTPPNK,116.057
ATAAVIFLHGLGDTGHGWAEAFAGIR,217.832
DMGSCEIYPQTIQHNPNGR,117.426
AASVFVLYATSCANNFAMK,208.42
GLFDEEMNEILTDPSDDTK,227.092
WNTDNTLGTEIAIEDQICQGLK,221.914
ALLDSQFSYQHAIEESVVLIYDPIK,246.656
EAPATQASSTTQLTDTQVLAAENK,134.679
ELESQISELQEDLESER,198.914
EDSMMEYLK,149.606
VAQLEQVYIR,127.342
GGGLFLLAGPPASVETLGPR,212.445
YLVPSDLTVGQFYFLIR,253.488
GIMEEDEACGR,84.8831
DIVQFVPYR,169.588
IELFCTEYQNNK,143.488
FEVNNTILHPEIVECR,155.247
HPECYVCTDCGTNLK,85.5637
EQVDAALGAEEMVEMLTDR,248.947
GEGPDVDVNLPK,123.631
ATCAPQHGAPGPGPADASK,52.7968
AITIANQTNCPLYITK,147.979
YDTLAQMLTLGNIR,220.817
FLITHNPTNATLNK,103.423
VAMANIQPQMLVAGATSIAR,198.46
GASIAHCPNSNLSLSSGFLNVLEVLK,227.64
EFNEDGALAVLQQFK,217.001
LIITSAEASPAECCQHAK,96.3847
GTGEAEEEYVGPR,89.8657
INNVPAEGENEVNNELANR,129.643
MYEVVYQIGTETR,156.223
SEAVVEYVFSGSR,161.85
MCLFAGFQR,167.383
NLDSTTVAVHGEEIYCK,119.638
VSLDPHAQVAVGILR,147.728
AVFLLQNNLVELYSLNPSLPTPQPVR,250.396
YSQVLANGLDNK,106.956
SDAVALVDAFDFQDVTLGSVLGR,257.52
ISFDLAEYTADVDGVGTLR,221.864
AQHIVPCTISQLLSATLVDEVFR,251.397
SMQNWHQLENLSNFIK,185.065
IPVGPETLGR,113.508
FGGLAAGEDNGQR,87.1307
TQLLQDVQDENK,110.556
VMEVTFQGEYPATLVSQGAEIIPSGTEHPVFPK,213.881
IGKPHTVPCK,36.2042
IAQITGPPDR,85.8932
AASAFFTYVSLSQEGR,188.198
NIIHGSDSVESAEK,69.6458
SGGPVVVLVQLER,172.694
APGFGGFGSSAVSGGSTAAMITETIIETDKPK,217.974
IQEGVFDINNEANGIK,154.961
VSYGIGDEEHDQEGR,83.2407
GLAEDIENEVVQITWNR,256.217
ANPDPNCCLGVFGLSLYTTER,214.77
NSSNTSVGSPSNTIGR,70.1252
DLFEDELVPLFEK,252.456
AAAPAPVSEAVCR,90.9267
LSPDGHFGSK,60.9729
CVLHLLTYFQDER,181.236
VDPLFTELLNGIR,237.47
IETLDPALIRPGR,133.001
VSLDVNHFAPDELTVK,161.415
FQLTFPLR,183.557
ILIHSVSLSSSPNIMLLHR,161.185
EQVPSGAELER,91.5207
ENQTAVDVFR,115.742
LNLLQSHPQEVMYFQPGEPFGSVEDDHIPFLR,222.474
GMQELGVHPDQETYTDYVIPCFDSVNSAR,195.377
VSFELFADK,170.281
QMQLENVSVALEFLDR,231.151
GYTLVEYETYK,140.953
LLTIGDANGEIQR,133.313
LATQLTGPVMPVR,140.894
QLSGNNIRPVVK,72.901
EIQSAFVSVLSENDELSQDVASK,207.756
VQAQHDYTATDTDELQLK,113.253
QHMDITGEENPLNK,105.857
LNDFASTVR,97.4132
